{"access_token": "ya29.a0AfH6SMDZUGrDqlOWAQGdp5dk7pHI5skiVswhqH59GOW1unxEgXow46KPS3JdPaq--2cRYL9d87s4gdQWu-riXTjmFviBh_MW2hcLsY3-_KuUz-PKqthlnyOz5WF9_acqC5DcNaw205Ogsdis6ZJLQBKdJnWs", "client_id": "277089994379-f29bk2047a4b9e6igtbb49q9a6kfsbsi.apps.googleusercontent.com", "client_secret": "T4_w3PRMrbEmet9JLcC3zCCC", "refresh_token": "1//04Aj_RsItbB6vCgYIARAAGAQSNwF-L9IrtFJlyUyItf8DsrJl4ygW7QekAN5Hob_cd17sLFjgzTdHlFk3dRAqkyvN-Ymi6-L11mo", "token_expiry": "2021-03-06T00:48:36Z", "token_uri": "https://oauth2.googleapis.com/token", "user_agent": "Pixel Gram", "revoke_uri": "https://oauth2.googleapis.com/revoke", "id_token": null, "id_token_jwt": null, "token_response": {"access_token": "ya29.a0AfH6SMDZUGrDqlOWAQGdp5dk7pHI5skiVswhqH59GOW1unxEgXow46KPS3JdPaq--2cRYL9d87s4gdQWu-riXTjmFviBh_MW2hcLsY3-_KuUz-PKqthlnyOz5WF9_acqC5DcNaw205Ogsdis6ZJLQBKdJnWs", "expires_in": 3599, "scope": "https://www.googleapis.com/auth/drive", "token_type": "Bearer"}, "scopes": ["https://www.googleapis.com/auth/drive"], "token_info_uri": "https://oauth2.googleapis.com/tokeninfo", "invalid": false, "_class": "OAuth2Credentials", "_module": "oauth2client.client"}